<?xml version="1.0" encoding="UTF-8"?>
<CDs-en-oferta>
    <CD>
        <titulo>Still got the blues</titulo>
        <artista>Gary Moore</artista>
        <pais>UK</pais>
        <compañia-discografica>Virgin records</compañia-discografica>
        <precio>10.20</precio>
        <año-publicacion>1990</año-publicacion>
    </CD>
    <CD>
        <titulo>One night only</titulo>
        <artista>Bee Gees</artista>
        <pais>UK</pais>
        <compañia-discografica>Polydor</compañia-discografica>
        <precio>10.90</precio>
        <año-publicacion>1998</año-publicacion>

    </CD>
    <CD>
        <titulo>When a man loves a woman</titulo>
        <artista>Percy Sledge</artista>
        <pais>USA</pais>
        <compañia-discografica>Atlantic</compañia-discografica>
        <precio>8.70</precio>
        <año-publicacion>1987</año-publicacion>
    </CD> 
    <CD>
        <titulo>Big Willie style</titulo>
        <artista>Will Smith</artista>
        <pais>USA</pais>
        <compañia-discografica>Columbia</compañia-discografica>
        <precio>9.90</precio>
        <año-publicacion>1997</año-publicacion>
    </CD>
     <CD>
        <titulo>La canción de Juan Perro</titulo>
        <artista>Radio Futura</artista>
        <pais>España</pais>
        <compañia-discografica>Sony Music-Ariola</compañia-discografica>
        <precio>9.90</precio>
        <año-publicacion>1987</año-publicacion>
    </CD>
     <CD>
        <titulo>The dock of the bay</titulo>
        <artista>Otis Redding</artista>
        <pais>USA</pais>
        <compañia-discografica>Atlantic</compañia-discografica>
        <precio>7.90</precio>
        <año-publicacion>1987</año-publicacion>
    </CD>
</CDs-en-oferta>